id,html_url,pypi_package_url,pypi_package_name,anaconda_package_url,juliahub_package_url,other_source,2026-05,2026-04,2026-03,2026-02,2026-01,2025-12,2025-11,2025-10,2025-09,2025-08,2025-07,2025-06,2025-05
adopt_net0,https://github.com/UU-ER/AdOpT-NET0,https://pypi.org/project/adopt_net0,adopt_net0,,,,,,,,,,,,,,,,
akkudoktoreos,https://github.com/Akkudoktor-EOS/EOS,,,,,,,,,,,,,,,,,,
amiris,https://gitlab.com/dlr-ve/esy/amiris/amiris,https://pypi.org/project/amirispy,amirispy,,,,218.0,1038.0,1337.0,1465.0,1399.0,1030.0,1515.0,1637.0,1313.0,1563.0,1635.0,1185.0,1362.0
andes,https://github.com/CURENT/andes,https://pypi.org/project/andes,andes,,,,3234.0,6007.0,7713.0,6251.0,6553.0,3178.0,5508.0,4074.0,5136.0,4604.0,12336.0,6937.0,3895.0
antares_simulator,https://github.com/AntaresSimulatorTeam/Antares_Simulator,,,,,,,,,,,,,,,,,,
anymod_jl,https://github.com/leonardgoeke/AnyMOD.jl,,,,https://juliahub.com/ui/Packages/General/AnyMOD,,,,,,,,,,,,,,
aristopy,https://git.tu-berlin.de/etus/public/aristopy,https://pypi.org/project/aristopy,aristopy,,,,63.0,329.0,470.0,479.0,459.0,309.0,423.0,1522.0,3316.0,342.0,443.0,428.0,347.0
asam,https://github.com/AncillaryServicesAcquisitionModel/ASAM,,,,,,,,,,,,,,,,,,
asset_level_transition_risk_in_the_global_coal__oil__and_gas_supply_chains,https://github.com/Lkruitwagen/global-fossil-fuel-supply-chain,,,,,,,,,,,,,,,,,,
assume,https://github.com/assume-framework/assume,https://pypi.org/project/assume-framework,assume-framework,,,,230.0,1150.0,2073.0,1482.0,2572.0,1224.0,1339.0,1149.0,1499.0,1636.0,2164.0,1655.0,1043.0
balmorel,https://github.com/balmorelcommunity/Balmorel,https://pypi.org/project/pybalmorel,pybalmorel,,,,682.0,1965.0,2737.0,1301.0,558.0,562.0,449.0,482.0,802.0,625.0,903.0,693.0,619.0
bewhere_model,https://github.com/caaficus/BeWhere-model,,,,,,,,,,,,,,,,,,
bluesky,https://github.com/EIAgov/BlueSky,,,,,,,,,,,,,,,,,,
bridges,https://github.com/Stanford-EAO/BRIDGES,,,,,,,,,,,,,,,,,,
cairnopen,https://github.com/CEA-Liten/CairnOpen,,,,,,,,,,,,,,,,,,
calliope,https://github.com/calliope-project/calliope,https://pypi.org/project/calliope,calliope,https://anaconda.org/conda-forge/calliope,,,525.0,1352.0,1982.0,1517.0,1917.0,1451.0,8675.0,6345.0,3488.0,1040.0,2027.0,1528.0,794.0
capacityexpansion_jl,https://github.com/YoungFaithful/CapacityExpansion.jl,,,,https://juliahub.com/ui/Packages/General/CapacityExpansion,,,,,,,,,,,,,,
capow,https://github.com/romulus97/CAPOW_PY36,,,,,,,,,,,,,,,,,,
chronix2grid,https://github.com/Grid2op/chronix2grid,https://pypi.org/project/Chronix2Grid,Chronix2Grid,,,,288.0,2199.0,1783.0,1445.0,1222.0,1139.0,1127.0,932.0,1612.0,1401.0,1245.0,1280.0,1503.0
cimapplication,https://github.com/derrickoswald/CIMApplication,,,,,,,,,,,,,,,,,,
copper,https://gitlab.com/sesit/copper,,,,,,,,,,,,,,,,,,
coral,https://github.com/NatLabRockies/CORAL,,,,,,,,,,,,,,,,,,
deeco,https://github.com/robbiemorrison/deeco,,,,,,,,,,,,,,,,,,
deflex,https://github.com/reegis/deflex,https://pypi.org/project/deflex,deflex,,,,20.0,325.0,353.0,364.0,383.0,352.0,252.0,207.0,339.0,273.0,349.0,258.0,204.0
dieter_py,https://gitlab.com/diw-evu/dieter_public/dieterpy,https://pypi.org/project/dieterpy,dieterpy,,,,39.0,277.0,213.0,278.0,310.0,270.0,234.0,157.0,359.0,221.0,312.0,243.0,203.0
digripy,https://github.com/lvorspel/DiGriPy,https://pypi.org/project/digripy,digripy,,,,15.0,137.0,110.0,117.0,121.0,141.0,108.0,82.0,127.0,86.0,119.0,89.0,98.0
dispa_set,https://github.com/energy-modelling-toolkit/Dispa-SET,,,,,,,,,,,,,,,,,,
dispatches,https://github.com/gmlc-dispatches/dispatches,https://pypi.org/project/dispatches,dispatches,,,,46.0,463.0,344.0,378.0,570.0,450.0,383.0,268.0,528.0,319.0,519.0,379.0,313.0
distaix,https://git.rwth-aachen.de/acs/public/simulation/DistAIXFramework/distaix,,,,,,,,,,,,,,,,,,
dpsim,https://github.com/sogno-platform/dpsim,https://pypi.org/project/dpsim,dpsim,,,,60.0,628.0,580.0,661.0,942.0,1410.0,439.0,366.0,591.0,342.0,539.0,421.0,349.0
draf,https://github.com/DrafProject/draf,,,,,,,,,,,,,,,,,,
dss_capi,https://github.com/dss-extensions/dss_capi,,,,,,,,,,,,,,,,,,
dynawo,https://github.com/dynawo/dynawo,https://pypi.org/project/dynawo,dynawo,,,,5.0,52.0,423.0,0.0,0.0,0.0,0.0,0.0,0.0,0.0,0.0,0.0,0.0
e4st,https://github.com/e4st-dev/E4ST.jl,,,,https://juliahub.com/ui/Packages/General/E4ST,,,,,,,,,,,,,,
easy_simauto,https://github.com/mzy2240/ESA,https://pypi.org/project/esa,esa,,,,137.0,2060.0,1990.0,1606.0,3288.0,1925.0,2068.0,1485.0,2889.0,1772.0,2141.0,2032.0,1715.0
edisgo,https://github.com/openego/eDisGo,https://pypi.org/project/edisgo,edisgo,,,,31.0,369.0,355.0,325.0,510.0,499.0,3499.0,1487.0,1090.0,354.0,435.0,340.0,326.0
ego,https://github.com/openego/eGo,https://pypi.org/project/ego,ego,,,,32.0,242.0,206.0,216.0,254.0,278.0,199.0,190.0,269.0,195.0,258.0,214.0,205.0
egret,https://github.com/grid-parity-exchange/Egret,https://pypi.org/project/gridx-egret,gridx-egret,,,,137.0,3000.0,2093.0,880.0,1565.0,1246.0,2223.0,1495.0,1406.0,518.0,412.0,463.0,325.0
electricgrid_jl,https://github.com/upb-lea/ElectricGrid.jl,,,,https://juliahub.com/ui/Packages/General/ElectricGrid,,,,,,,,,,,,,,
em_power_invest,https://github.com/BTU-EnerEcon/EM.POWER-INVEST,,,,,,,,,,,,,,,,,,
emerge,https://github.com/NatLabRockies/EMeRGE,https://pypi.org/project/NREL-emerge,NREL-emerge,,,,29.0,196.0,219.0,176.0,194.0,175.0,162.0,128.0,224.0,174.0,195.0,203.0,183.0
emlab_generation,https://github.com/EMLab/emlab-generation,,,,,,,,,,,,,,,,,,
emma,https://github.com/emma-model/EMMA,,,,,,,,,,,,,,,,,,
emprise,https://github.com/philipphaertel/EMPRISE,,,,,,,,,,,,,,,,,,
energy_policy_simulator,https://github.com/EnergyInnovation/eps-us,,,,,,,,,,,,,,,,,,
energy_py,https://github.com/ADGEfficiency/energy-py,,,,,,,,,,,,,,,,,,
energy_py_linear,https://github.com/ADGEfficiency/energy-py-linear,,,,,,,,,,,,,,,,,,
energymodelsbase_jl,https://github.com/EnergyModelsX/EnergyModelsBase.jl,,,,https://juliahub.com/ui/Packages/General/EnergyModelsBase,,,,,,,,,,,,,,
energyrt,https://github.com/optimal2050/energyRt,,,,,,,,,,,,,,,,,,
energyscope,https://github.com/energyscope/EnergyScope,https://pypi.org/project/energyscope,energyscope,,,,32.0,553.0,1161.0,608.0,473.0,574.0,912.0,809.0,772.0,374.0,154.0,104.0,135.0
energyscope_library,https://gitlab.com/energyscope/energyscope,https://pypi.org/project/energyscope,energyscope,,,,32.0,553.0,1161.0,608.0,473.0,574.0,912.0,809.0,772.0,374.0,154.0,104.0,135.0
energysim,https://github.com/dgusain1/energysim,https://pypi.org/project/energysim,energysim,,,,21.0,637.0,549.0,430.0,839.0,824.0,699.0,503.0,714.0,484.0,793.0,640.0,541.0
enflow,https://github.com/rebase-energy/emflow,https://pypi.org/project/emflow,emflow,,,,,,,,,,,,,,,,
eoles_elecres,https://github.com/BehrangShirizadeh/EOLES_elecRES,,,,,,,,,,,,,,,,,,
eoles_mv,https://github.com/BehrangShirizadeh/EOLES_mv,,,,,,,,,,,,,,,,,,
epm,https://github.com/ESMAP-World-Bank-Group/EPM,,,,,,,,,,,,,,,,,,
erad,https://github.com/NLR-Distribution-Suite/erad,https://pypi.org/project/nrel-erad,nrel-erad,,,,186.0,1474.0,1265.0,1454.0,1176.0,778.0,1063.0,968.0,1083.0,1164.0,1000.0,204.0,196.0
erf,https://github.com/erf-model/ERF,,,,,,,,,,,,,,,,,,
essim,https://github.com/ESDLMapEditorESSIM/essim,,,,,,,,,,,,,,,,,,
etengine,https://github.com/quintel/etengine,,,,,,,,,,,,,,,,,,
etm_pro,https://github.com/quintel/etmodel,,,,,,,,,,,,,,,,,,
exago,https://github.com/pnnl/ExaGO,,,,,,,,,,,,,,,,,,
fame,https://gitlab.com/fame-framework/fame-core,,,,,https://central.sonatype.com/artifact/de.dlr.gitlab.fame/core,,,,,,,,,,,,,
ficus,https://github.com/tum-ewk/ficus,,,,,,,,,,,,,,,,,,
fine,https://github.com/FZJ-IEK3-VSA/FINE,https://pypi.org/project/fine,fine,https://anaconda.org/conda-forge/fine,,,154.0,1089.0,1229.0,964.0,1192.0,1025.0,10442.0,8420.0,4082.0,754.0,1547.0,2122.0,675.0
flexigis,https://github.com/FlexiGIS/FlexiGIS,,,,,,,,,,,,,,,,,,
flexplan_jl,https://github.com/Electa-Git/FlexPlan.jl,,,,https://juliahub.com/ui/Packages/General/FlexPlan,,,,,,,,,,,,,,
flixopt,https://github.com/flixOpt/flixopt,https://pypi.org/project/flixopt,flixopt,,,,412.0,2924.0,3577.0,4420.0,7147.0,4128.0,6927.0,4363.0,2296.0,527.0,1544.0,642.0,781.0
fluxopt,https://github.com/FBumann/fluxopt,https://pypi.org/project/fluxopt,fluxopt,,,,15.0,135.0,456.0,262.0,0.0,0.0,0.0,0.0,0.0,0.0,0.0,0.0,0.0
friendlysam,https://github.com/sp-etx/friendlysam,https://pypi.org/project/friendlysam,friendlysam,,,,39.0,611.0,601.0,179.0,244.0,294.0,582.0,191.0,336.0,164.0,241.0,265.0,184.0
gear_scoup,https://github.com/NatLabRockies/GEAR-SCouP,,,,,,,,,,,,,,,,,,
gelectrical,https://github.com/manuvarkey/GElectrical,,,,,,,,,,,,,,,,,,
genesys_mod_gms,https://github.com/GENeSYS-MOD/GENeSYS_MOD.gms,,,,,,,,,,,,,,,,,,
genesysmod_jl,https://github.com/GENeSYS-MOD/GENeSYSMOD.jl,,,,https://juliahub.com/ui/Packages/General/GENeSYSMOD,,,,,,,,,,,,,,
genx_jl,https://github.com/GenXProject/GenX.jl,,,,https://juliahub.com/ui/Packages/General/GenX,,,,,,,,,,,,,,
grid2op,https://github.com/Grid2op/grid2op,https://pypi.org/project/grid2op,grid2op,,,,333.0,5072.0,3393.0,3991.0,4088.0,4738.0,23618.0,7460.0,17024.0,10369.0,5882.0,5637.0,5858.0
gridfm,https://github.com/gridfm/gridfm-graphkit,https://pypi.org/project/gridfm-graphkit,gridfm-graphkit,,,,9.0,420.0,285.0,224.0,340.0,335.0,387.0,332.0,1099.0,740.0,319.0,631.0,0.0
gridlab_d,https://github.com/arras-energy/gridlabd,,,,,,,,,,,,,,,,,,
gridpack,https://github.com/GridOPTICS/GridPACK,,,,,,,,,,,,,,,,,,
gridpath,https://github.com/blue-marble/gridpath,https://pypi.org/project/gridpath,gridpath,,,,296.0,2290.0,2451.0,1830.0,2028.0,1640.0,1737.0,2387.0,1968.0,1115.0,1556.0,1197.0,1043.0
grimsel_flex,https://github.com/arthurrinaldi/grimsel,https://pypi.org/project/Grimsel,grimsel,,,,181.0,1467.0,1570.0,1180.0,1363.0,1178.0,1151.0,836.0,1285.0,1161.0,1208.0,1248.0,1201.0
h2integrate,https://github.com/NatLabRockies/H2Integrate,https://pypi.org/project/h2integrate,h2integrate,,,,62.0,1564.0,1440.0,651.0,367.0,906.0,163.0,473.0,141.0,123.0,171.0,119.0,505.0
hamlet,https://github.com/tum-ens/HAMLET,,,,,,,,,,,,,,,,,,
heron,https://github.com/idaholab/HERON,https://pypi.org/project/heron-ravenframework,heron-ravenframework,,,,16.0,271.0,174.0,140.0,189.0,251.0,164.0,143.0,199.0,173.0,232.0,227.0,173.0
highres_europe,https://github.com/highRES-model/highRES-Europe,,,,,,,,,,,,,,,,,,
hope,https://github.com/HOPE-Model-Project/HOPE,,,,,,,,,,,,,,,,,,
hopp,https://github.com/NatLabRockies/HOPP,https://pypi.org/project/hopp,hopp,,,,241.0,3832.0,1685.0,1939.0,1109.0,1199.0,25892.0,3565.0,6415.0,763.0,1045.0,706.0,917.0
hybrid,https://github.com/idaholab/HYBRID,,,,,,,,,,,,,,,,,,
hybridbosse,https://github.com/NatLabRockies/HybridBOSSE,https://pypi.org/project/hybridbosse,hybridbosse,,,,41.0,946.0,852.0,883.0,1350.0,1765.0,62742.0,9229.0,19833.0,1474.0,1030.0,925.0,1079.0
hydrogenmod_jl,https://github.com/LukasBarner/HydrOGEnMod.jl,,,,,,,,,,,,,,,,,,
idea,https://gitlab.com/sesit/idea,,,,,,,,,,,,,,,,,,
iesopt_jl,https://github.com/ait-energy/IESopt.jl,https://pypi.org/project/iesopt,iesopt,,https://juliahub.com/ui/Packages/General/IESopt,,106.0,1845.0,1130.0,1451.0,969.0,1369.0,1405.0,2659.0,1974.0,875.0,1593.0,1233.0,1184.0
inertia,https://github.com/G-PST/inertia,,,,,https://pkg.go.dev/github.com/g-pst/inertia,,,,,,,,,,,,,
interactive_power_flow_(ipf),https://github.com/mbheinen/bpa-ipf-tsp,,,,,,,,,,,,,,,,,,
inve2st,https://github.com/CSenkpiel/Inve2st,,,,,,,,,,,,,,,,,,
irena_flextool,https://github.com/irena-flextool/flextool,,,,,,,,,,,,,,,,,,
irpopt,https://github.com/IRPsim/IRPopt,,,,,,,,,,,,,,,,,,
joulia_jl,https://github.com/JuliaEnergy/Joulia.jl,,,,,,,,,,,,,,,,,,
jpong,https://github.com/RahmanKhorramfar91/JPoNG,,,,,,,,,,,,,,,,,,
leelo,https://github.com/simjunky/Leelo,,,,,,,,,,,,,,,,,,
lego,https://github.com/IEE-TUGraz/LEGO,,,,,,,,,,,,,,,,,,
macroenergy_jl,https://github.com/macroenergy/MacroEnergy.jl,https://pypi.org/project/macroenergy,macroenergy,,https://juliahub.com/ui/Packages/General/MacroEnergy,,6.0,87.0,359.0,0.0,0.0,0.0,0.0,0.0,0.0,0.0,0.0,0.0,0.0
mafrit,https://github.com/NatLabRockies/MAFRIT,,,,,,,,,,,,,,,,,,
match_model,https://github.com/pencleanenergy/MATCH-model,,,,,,,,,,,,,,,,,,
matpower,https://github.com/MATPOWER/matpower,https://pypi.org/project/matpower,matpower,,,,97.0,1160.0,980.0,1342.0,728.0,1616.0,979.0,619.0,1284.0,1037.0,682.0,667.0,585.0
medea,https://github.com/inwe-boku/medea,,,,,,,,,,,,,,,,,,
mescal,https://github.com/matthieu-str/mescal,https://pypi.org/project/mescal,mescal,,,,14.0,399.0,499.0,321.0,288.0,359.0,271.0,365.0,425.0,191.0,372.0,192.0,183.0
mesmo,https://github.com/mesmo-dev/mesmo,,,,,,,,,,,,,,,,,,
message_ix,https://github.com/iiasa/message_ix,https://pypi.org/project/message-ix,message-ix,https://anaconda.org/conda-forge/message-ix,,,525.0,2200.0,2024.0,1809.0,1718.0,1837.0,11141.0,3804.0,6695.0,1412.0,2006.0,2556.0,1343.0
messpy,https://github.com/pielube/MESSpy,,,,,,,,,,,,,,,,,,
microgrids_py,https://github.com/Microgrids-X/Microgrids.py,https://pypi.org/project/microgrids,microgrids,,,,5.0,303.0,201.0,229.0,208.0,217.0,201.0,171.0,251.0,230.0,234.0,224.0,182.0
microgridspy,https://github.com/MicroGridsPy/MicroGridsPy,,,,,,,,,,,,,,,,,,
minigrid_jcc,https://github.com/Autarky-Power/Minigrid-JCC,,,,,,,,,,,,,,,,,,
minpower,https://github.com/adamgreenhall/minpower,https://pypi.org/project/minpower,minpower,,,,15.0,1043.0,541.0,442.0,732.0,680.0,669.0,590.0,618.0,526.0,534.0,492.0,368.0
mosaik,https://gitlab.com/mosaik/mosaik,https://pypi.org/project/mosaik,mosaik,,,,245.0,2514.0,1377.0,1866.0,1788.0,2220.0,2577.0,1891.0,3695.0,1976.0,1870.0,2218.0,1604.0
most,https://github.com/MATPOWER/most,,,,,,,,,,,,,,,,,,
multi_vector_simulator,https://github.com/rl-institut/multi-vector-simulator,https://pypi.org/project/multi-vector-simulator,multi-vector-simulator,,,,48.0,2926.0,1322.0,1644.0,1786.0,2000.0,1509.0,1701.0,3116.0,2640.0,2524.0,2855.0,2081.0
muse2,https://github.com/EnergySystemsModellingLab/MUSE2,,,,,https://crates.io/crates/muse2,,,,,,,,,,,,,
muse_os,https://github.com/EnergySystemsModellingLab/MUSE_OS,https://pypi.org/project/MUSE-OS,MUSE-OS,,,,314.0,1395.0,1993.0,1437.0,1797.0,1178.0,1228.0,1427.0,1875.0,1804.0,1617.0,1509.0,1577.0
nemo,https://github.com/bje-/NEMO,https://pypi.org/project/nemopt,nemopt,,,,9.0,658.0,540.0,432.0,511.0,634.0,496.0,441.0,773.0,621.0,489.0,608.0,394.0
nemomod_jl,https://github.com/sei-international/NemoMod.jl,,,,,,,,,,,,,,,,,,
nempy,https://github.com/UNSW-CEEM/nempy,https://pypi.org/project/nempy,nempy,,,,79.0,1365.0,1203.0,1045.0,1060.0,1324.0,1732.0,1408.0,3360.0,1922.0,1917.0,3114.0,2765.0
oemof_solph,https://github.com/oemof/oemof-solph,https://pypi.org/project/oemof.solph,oemof.solph,,,,,,,,,,,,,,,,
oemof_thermal,https://github.com/oemof/oemof-thermal,https://pypi.org/project/oemof.thermal,oemof.thermal,,,,,,,,,,,,,,,,
omegalpes,https://gricad-gitlab.univ-grenoble-alpes.fr/omegalpes/omegalpes,https://pypi.org/project/omegalpes,omegalpes,,,,13.0,568.0,390.0,426.0,389.0,568.0,492.0,352.0,636.0,836.0,460.0,505.0,408.0
onsset,https://github.com/OnSSET/onsset,https://pypi.org/project/onsset,onsset,,,,8.0,339.0,205.0,330.0,224.0,221.0,239.0,228.0,1973.0,195.0,244.0,215.0,193.0
open,https://github.com/EPGOxford/OPEN,,,,,,,,,,,,,,,,,,
open_energy_cell_simulation,https://github.com/fabmid/Open-Energy-Cell-Simulation,,,,,,,,,,,,,,,,,,
open_modeling_framework,https://github.com/nreca-bts/omf,,,,,,,,,,,,,,,,,,
opencem,https://github.com/openCEMorg/openCEM,,,,,,,,,,,,,,,,,,
opender,https://github.com/epri-dev/OpenDER,https://pypi.org/project/opender,opender,,,,273.0,3214.0,3205.0,2090.0,772.0,1060.0,1517.0,1222.0,1546.0,4061.0,1396.0,1428.0,1440.0
opendss_c,https://github.com/epri-dev/OpenDSS-C,,,,,,,,,,,,,,,,,,
openipsl,https://github.com/OpenIPSL/OpenIPSL,,,,,,,,,,,,,,,,,,
openmaster,https://github.com/IIT-EnergySystemModels/openMASTER,,,,,,,,,,,,,,,,,,
opensduc,https://github.com/IIT-EnergySystemModels/openSDUC,https://pypi.org/project/openSDUC,opensduc,,,,7.0,246.0,223.0,278.0,786.0,164.0,126.0,90.0,145.0,112.0,142.0,102.0,144.0
opentepes,https://github.com/IIT-EnergySystemModels/openTEPES,https://pypi.org/project/openTEPES,opentepes,,,,29.0,5129.0,1810.0,4351.0,3110.0,2843.0,2134.0,1648.0,3859.0,1988.0,2245.0,2671.0,1776.0
opentumflex,https://github.com/tum-ewk/OpenTUMFlex,,,,,,,,,,,,,,,,,,
optihood,https://github.com/SPF-OST/optihood,,,,,,,,,,,,,,,,,,
osemosys,https://github.com/OSeMOSYS/OSeMOSYS,,,,,,,,,,,,,,,,,,
osier,https://github.com/arfc/osier,https://pypi.org/project/osier,osier,,,,,,,,,,,,,,,,
pandapower,https://github.com/e2nIEE/pandapower,https://pypi.org/project/pandapower,pandapower,,,,13638.0,115007.0,119692.0,100477.0,71105.0,107730.0,156811.0,103370.0,103381.0,61275.0,47932.0,31540.0,32437.0
paraemt_public,https://github.com/NatLabRockies/ParaEMT_public,,,,,,,,,,,,,,,,,,
pomato,https://github.com/richard-weinhold/pomato,,,,,,,,,,,,,,,,,,
power_grid_model,https://github.com/PowerGridModel/power-grid-model,https://pypi.org/project/power-grid-model,power-grid-model,,,,52083.0,399233.0,153112.0,167084.0,200147.0,136556.0,97225.0,91052.0,149466.0,127536.0,118509.0,120604.0,82676.0
powerdynamics_jl,https://github.com/JuliaEnergy/PowerDynamics.jl,,,,https://juliahub.com/ui/Packages/General/PowerDynamics,,,,,,,,,,,,,,
powergama,https://github.com/powergama/powergama,https://pypi.org/project/powergama,powergama,,,,36.0,681.0,667.0,979.0,1124.0,980.0,865.0,673.0,3554.0,877.0,469.0,255.0,265.0
powermatcher,https://github.com/flexiblepower/powermatcher,,,,,,,,,,,,,,,,,,
powermodels_jl,https://github.com/lanl-ansi/PowerModels.jl,,,,https://juliahub.com/ui/Packages/General/PowerModels,,,,,,,,,,,,,,
powermodelsannex_jl,https://github.com/lanl-ansi/PowerModelsAnnex.jl,,,,https://juliahub.com/ui/Packages/General/PowerModelsAnnex,,,,,,,,,,,,,,
powersimulations_jl,https://github.com/Sienna-Platform/PowerSimulations.jl,,,,https://juliahub.com/ui/Packages/General/PowerSimulations,,,,,,,,,,,,,,
powersimulationsdynamics_jl,https://github.com/Sienna-Platform/PowerSimulationsDynamics.jl,,,,https://juliahub.com/ui/Packages/General/PowerSimulationsDynamics,,,,,,,,,,,,,,
powersystemdatamodel,https://github.com/ie3-institute/PowerSystemDataModel,,,,,https://central.sonatype.com/artifact/com.github.ie3-institute/PowerSystemDataModel,,,,,,,,,,,,,
powersystemsinvestments_jl,https://github.com/Sienna-Platform/PowerSystemsInvestments.jl,,,,,,,,,,,,,,,,,,
pownet,https://github.com/Critical-Infrastructure-Systems-Lab/PowNet,https://pypi.org/project/pownet,pownet,,,,20.0,109.0,87.0,97.0,73.0,166.0,98.0,76.0,110.0,103.0,121.0,342.0,51.0
powsybl,https://github.com/powsybl/powsybl-core,,,,,https://central.sonatype.com/artifact/com.powsybl/powsybl-dynamic-simulation-tool,,,,,,,,,,,,,
powsybl_open_load_flow,https://github.com/powsybl/powsybl-open-loadflow,,,,,https://central.sonatype.com/artifact/com.powsybl/powsybl-open-loadflow,,,,,,,,,,,,,
pras,https://github.com/NatLabRockies/PRAS,,,,,,,,,,,,,,,,,,
prep_shot,https://github.com/PREP-NexT/PREP-SHOT,,,,,,,,,,,,,,,,,,
psatools_python,https://github.com/yanzhaochang/PSATools-Python,,,,,,,,,,,,,,,,,,
psp_ufu,https://github.com/Thales1330/PSP,,,,,,,,,,,,,,,,,,
psst,https://github.com/ames-market/psst,https://pypi.org/project/psst,psst,,,,37.0,302.0,140.0,176.0,172.0,193.0,255.0,253.0,249.0,183.0,176.0,155.0,156.0
pycity_scheduling,https://git.rwth-aachen.de/acs/public/simulation/pycity_scheduling,https://pypi.org/project/pycity-scheduling,pycity-scheduling,,,,120.0,609.0,207.0,243.0,227.0,262.0,290.0,260.0,335.0,298.0,365.0,335.0,550.0
pyetm,https://github.com/quintel/pyetm,https://pypi.org/project/pyetm,pyetm,,,,200.0,2306.0,1131.0,1094.0,821.0,747.0,491.0,770.0,618.0,663.0,852.0,414.0,476.0
pylesa,https://github.com/andrewlyden/PyLESA,,,,,,,,,,,,,,,,,,
pymarket,https://github.com/kiedanski/pymarket,https://pypi.org/project/pymarket,pymarket,,,,29.0,210.0,89.0,104.0,90.0,101.0,255.0,196.0,349.0,97.0,84.0,92.0,98.0
pymfm,https://github.com/sogno-platform/pymfm,https://pypi.org/project/pymfm,pymfm,,,,42.0,217.0,132.0,158.0,126.0,178.0,151.0,133.0,210.0,162.0,159.0,146.0,164.0
pymicrogridcontrol,https://github.com/soheilmohseni/pyMicrogridControl,,,,,,,,,,,,,,,,,,
pypower,https://github.com/rwl/PYPOWER,https://pypi.org/project/pypower,pypower,,,,2315.0,13615.0,17218.0,8286.0,7789.0,29361.0,40149.0,14951.0,27032.0,8779.0,6998.0,5331.0,7688.0
pypower_dynamics,https://github.com/susantoj/PYPOWER-Dynamics,https://pypi.org/project/pypower-dynamics,pypower-dynamics,,,,21.0,130.0,244.0,349.0,299.0,352.0,225.0,75.0,85.0,69.0,85.0,63.0,82.0
pypownet,https://github.com/MarvinLer/pypownet,https://pypi.org/project/pypownet,pypownet,,,,19.0,74.0,60.0,107.0,54.0,55.0,69.0,178.0,172.0,53.0,56.0,44.0,51.0
pypowsybl,https://github.com/powsybl/pypowsybl,https://pypi.org/project/pypowsybl,pypowsybl,,,https://central.sonatype.com/artifact/com.powsybl/pypowsybl,1295.0,12467.0,5922.0,12312.0,10572.0,5787.0,6971.0,7029.0,11784.0,7668.0,9053.0,8151.0,7227.0
pypsa,https://github.com/PyPSA/PyPSA,https://pypi.org/project/pypsa,pypsa,https://anaconda.org/conda-forge/pypsa,,,13394.0,37654.0,36528.0,32241.0,27907.0,49949.0,74858.0,35757.0,48407.0,14575.0,15737.0,14654.0,9633.0
pysam,https://github.com/NatLabRockies/pysam,,,,,,,,,,,,,,,,,,
python_ehub,https://gitlab.com/energyincities/python-ehub,https://pypi.org/project/pyehub,pyehub,,,,83.0,1048.0,302.0,391.0,356.0,554.0,628.0,580.0,1151.0,526.0,462.0,458.0,411.0
python_microgrid,https://github.com/ahalev/python-microgrid,https://pypi.org/project/python-microgrid,python-microgrid,,,,13.0,116.0,102.0,98.0,55.0,97.0,99.0,78.0,99.0,67.0,64.0,170.0,169.0
reeds_2_0,https://github.com/NatLabRockies/ReEDS-2.0,,,,,,,,,,,,,,,,,,
reho,https://github.com/IPESE/REHO,https://pypi.org/project/reho,reho,,,,134.0,972.0,1010.0,844.0,929.0,1022.0,676.0,575.0,973.0,927.0,1067.0,952.0,924.0
reise_jl,https://github.com/Breakthrough-Energy/REISE.jl,,,,,,,,,,,,,,,,,,
remix,https://gitlab.com/dlr-ve/esy/remix/framework,https://pypi.org/project/remix.framework,remix.framework,,,,,,,,,,,,,,,,
renpass,https://github.com/fraukewiese/renpass,,,,,,,,,,,,,,,,,,
reopt_jl,https://github.com/NatLabRockies/REopt.jl,,,,https://juliahub.com/ui/Packages/General/REopt,,,,,,,,,,,,,,
resie,https://github.com/QuaSi-Software/resie,,,,,,,,,,,,,,,,,,
resolve,https://github.com/e3-/resolve,,,,,,,,,,,,,,,,,,
revub,https://github.com/VUB-HYDR/REVUB,,,,,,,,,,,,,,,,,,
rheia,https://github.com/rheia-framework/RHEIA,https://pypi.org/project/rheia-meca2675,rheia-meca2675,,,,52.0,387.0,180.0,316.0,218.0,293.0,334.0,610.0,368.0,297.0,255.0,216.0,295.0
rivus,https://github.com/tum-ens/rivus,,,,,,,,,,,,,,,,,,
rodeo,https://github.com/NatLabRockies/RODeO,,,,,,,,,,,,,,,,,,
roseau_load_flow,https://github.com/RoseauTechnologies/Roseau_Load_Flow,https://pypi.org/project/roseau-load-flow,roseau-load-flow,,,,118.0,1184.0,446.0,842.0,944.0,500.0,576.0,455.0,1578.0,588.0,609.0,471.0,503.0
rumi,https://github.com/prayas-energy/Rumi,,,,,,,,,,,,,,,,,,
rustpower,https://github.com/chengts95/rustpower,,,,,https://crates.io/crates/rustpower,,,,,,,,,,,,,
sam,https://github.com/NatLabRockies/SAM,https://pypi.org/project/NREL-PySAM,NREL-PySAM,,,,10006.0,72773.0,75740.0,56101.0,69699.0,101780.0,124860.0,78566.0,105893.0,62570.0,57958.0,51869.0,52661.0
sddpdso_jl,https://github.com/psrenergy/SDDPDSO.jl,,,,,,,,,,,,,,,,,,
silver,https://gitlab.com/sesit/silver,,,,,,,,,,,,,,,,,,
simona,https://github.com/ie3-institute/simona,,,,,,,,,,,,,,,,,,
simplus_grid_tool,https://github.com/Future-Power-Networks/Simplus-Grid-Tool,,,,,,,,,,,,,,,,,,
smartgridtoolbox,https://gitlab.com/SmartGridToolbox/SmartGridToolbox,,,,,,,,,,,,,,,,,,
sms++,https://gitlab.com/smspp/smspp-project,,,,,,,,,,,,,,,,,,
softx_2020_61,https://github.com/ElsevierSoftwareX/SOFTX_2020_61,,,,,,,,,,,,,,,,,,
spineopt_jl,https://github.com/spine-tools/SpineOpt.jl,,,,https://juliahub.com/ui/Packages/General/SpineOpt,,,,,,,,,,,,,,
ssmd,https://git.rwth-aachen.de/acs/public/simulation/ssmd,,,,,,,,,,,,,,,,,,
starlite,https://github.com/IIT-EnergySystemModels/StarLite,,,,,,,,,,,,,,,,,,
stelmod,https://github.com/frkunz/stELMOD,,,,,,,,,,,,,,,,,,
steps,https://github.com/changgang/steps,https://pypi.org/project/stepspy,stepspy,,,,127.0,1407.0,574.0,1756.0,711.0,1008.0,1217.0,705.0,1405.0,1061.0,801.0,745.0,1038.0
stre³am,https://github.com/ANL-CEEESA/STREAM,,,,,,,,,,,,,,,,,,
supergrid,https://github.com/niclasmattsson/Supergrid,,,,,,,,,,,,,,,,,,
sustaingym,https://github.com/chrisyeh96/sustaingym,https://pypi.org/project/sustaingym,sustaingym,,,,136.0,499.0,318.0,442.0,202.0,220.0,227.0,138.0,359.0,168.0,216.0,167.0,244.0
switch,https://github.com/switch-model/switch,https://pypi.org/project/switch-model,switch-model,https://anaconda.org/conda-forge/switch_model,,,361.0,699.0,394.0,442.0,555.0,459.0,476.0,356.0,851.0,497.0,471.0,362.0,448.0
temoa,https://github.com/TemoaProject/temoa,https://pypi.org/project/temoa,temoa,,,,81.0,2980.0,125.0,197.0,632.0,0.0,0.0,0.0,0.0,0.0,0.0,0.0,0.0
tesp,https://github.com/pnnl/tesp,https://pypi.org/project/tesp-support,tesp-support,,,,63.0,1003.0,1265.0,2631.0,1893.0,1912.0,1511.0,729.0,1185.0,957.0,710.0,481.0,937.0
times_model,https://github.com/etsap-TIMES/TIMES_model,,,,,,,,,,,,,,,,,,
toop,https://github.com/eliagroup/ToOp,,,,,,,,,,,,,,,,,,
transactive_energy_service_system,https://github.com/slacgismo/TESS,,,,,,,,,,,,,,,,,,
transient_lib,https://github.com/TransiEnt-official/transient-lib,,,,,,,,,,,,,,,,,,
tulipaenergymodel_jl,https://github.com/TulipaEnergy/TulipaEnergyModel.jl,,,,https://juliahub.com/ui/Packages/General/TulipaEnergyModel,,,,,,,,,,,,,,
tz_osemosys,https://github.com/transition-zero/tz-osemosys,https://pypi.org/project/tz-osemosys,tz-osemosys,,,,118.0,883.0,828.0,886.0,998.0,855.0,1108.0,838.0,1488.0,1792.0,1181.0,455.0,1084.0
unitcommitment_jl,https://github.com/ANL-CEEESA/UnitCommitment.jl,,,,https://juliahub.com/ui/Packages/General/UnitCommitment,,,,,,,,,,,,,,
urbs,https://github.com/tum-ens/urbs,,,,,,,,,,,,,,,,,,
veragrid,https://github.com/SanPen/VeraGrid,https://pypi.org/project/veragridengine,veragridengine,,,,810.0,4576.0,5331.0,4551.0,3510.0,3709.0,3676.0,3547.0,2091.0,780.0,0.0,0.0,0.0
villasframework,https://github.com/VILLASframework/node,https://pypi.org/project/villas-node,villas-node,,,,48.0,356.0,296.0,281.0,268.0,633.0,264.0,243.0,259.0,236.0,222.0,182.0,279.0
wpgnn_and_playgen,https://github.com/NatLabRockies/WPGNN,,,,,,,,,,,,,,,,,,
zen_garden,https://github.com/ZEN-universe/ZEN-garden,https://pypi.org/project/zen-garden,zen-garden,,,,441.0,6523.0,3113.0,6617.0,7298.0,7835.0,5537.0,5306.0,8720.0,10620.0,9083.0,4055.0,3886.0
